mois,"indice ""i""","indice ""i2021""","indice ""K1""","indice ""K2""","indice ""M""","indice ""MM""","indice ""s"" - cat A (< 10 p)","indice ""s"" - cat A (de 10 à 19 p)","indice ""s"" - cat A (≥ 20 p)","indice ""s"" - cat B (< 10 p)","indice ""s"" - cat B (de 10 à 19 p)","indice ""s"" - cat B (≥ 20 p)","indice ""s"" - cat C (< 10 p)","indice ""s"" - cat C (de 10 à 19 p)","indice ""s"" - cat C (≥ 20 p)","indice ""s"" - cat D (< 10 p)","indice ""s"" - cat D (de 10 à 19 p)","indice ""s"" - cat D (≥ 20 p)","indice ""s"" - électriciens (< 10 p)","indice ""s"" - électriciens (≥ 10 p)",Indice T0 - asphalteurs,Indice T1 - asphalteurs,Indice T2 - asphalteurs,Indice T3 - asphalteurs,Indice T4 - asphalteurs,Indice T5 - asphalteurs,Usines & Ateliers - CP 111,IPP 23 - Fabrication d’autres produits minéraux non métalliques,IPP 24 - Métallurgie,IPP 161 - Sciage et rabotage du bois,"IPP 162 - Fabrication d’articles en bois, liège, vannerie et sparterie","IPP 203 - Fabrication de peintures, vernis, encres et mastics",IPP 205 - Fabrication d’autres produits chimiques,IPP 222 - Fabrication de produits en plastique,IPP 231 - Fabrication de verre et d’articles en verre,IPP 233 - Fabrication de matériaux de construction en terre cuite,"IPP 235 - Fabrication de ciment, chaux et plâtre","IPP 236 - Fabrication d’ouvrages en béton, en ciment ou en plâtre","IPP 237 - Taille, façonnage et finissage de pierres",IPP 239 - Fabrication de produits abrasifs et de produits minéraux non métalliques n.c.a.,IPP 241 - Sidérurgie,IPP 243 - Fabrication d’autres produits de première transformation de l’acier,IPP 244 - Production de métaux précieux et d’autres métaux non ferreux,IPP 251 - Fabrication d’éléments en métal pour la construction,"IPP 252 - Fabrication de réservoirs, citernes et conteneurs métalliques","IPP 257 - Fabrication de coutellerie, d’outillage et de quincaillerie",IPP 259 - Fabrication d’autres ouvrages en métaux,IPP 263 - Fabrication d’équipements de communication,"IPP 271 - Fabrication de moteurs, génératrices et transformateurs électriques et de matériel de distribution et de commande électrique",IPP 273 - Fabrication de fils et câbles et de matériel d’installation électrique,IPP 274 - Fabrication d’appareils d’éclairage électrique,IPP 282 - Fabrication d’autres machines d’usage général,IPP 310 - Fabrication de meubles,"IPP 081 - Extraction de pierres, de sables et d’argiles",CIMENT (série spécifique - enquête)
01/01/2018,7879,"96,74",3184,3263,"385,34","646,854","31,074","31,954","31,949","31,042","31,922","31,917","30,389","31,269","31,264","29,895","30,775","30,77","25,146","25,41","50,94","60,78","44,18","54,01","194,12","146,67","11,0229",,,,,,,,,,,,,,,,,,,,,,,,,,,,
01/02/2018,7893,"97,67",3172,3263,"383,054","651,178","31,085","31,964","31,96","31,053","31,932","31,928","30,4","31,279","31,275","29,906","30,786","30,781","25,166","25,429","50,74","60,59","43,97","53,8","193,18","145,72","11,0229",,,,,,,,,,,,,,,,,,,,,,,,,,,,
01/03/2018,7802,"97,79",3157,3238,"378,757","656,27","31,085","31,964","31,96","31,053","31,932","31,928","30,4","31,279","31,275","29,906","30,786","30,781","25,166","25,429","50,36","59,95","43,77","53,34","192,18","144,38","11,0229",,,,,,,,,,,,,,,,,,,,,,,,,,,,
01/04/2018,7812,"97,92",3186,3261,"382,391","663,992","30,934","31,816","31,812","30,902","31,784","31,779","30,246","31,128","31,123","29,751","30,633","30,628","25,166","25,429","50,55","60,09",44,"53,51","192,93","145,35","11,0229",,,,,,,,,,,,,,,,,,,,,,,,,,,,
01/05/2018,7909,"98,26",3255,3308,"392,927","663,318","30,934","31,816","31,812","30,902","31,784","31,779","30,246","31,128","31,123","29,751","30,633","30,628","25,166","25,429","51,67","61,68","44,79","54,79","196,71","149,73","11,0229",,,,,,,,,,,,,,,,,,,,,,,,,,,,
01/06/2018,8031,"98,54",3338,3373,"400,205","662,294","30,934","31,816","31,812","30,902","31,784","31,779","30,246","31,128","31,123","29,751","30,633","30,628","25,166","25,429","53,63","64,92","45,86","57,19","202,17","156,81","11,0229",,,,,,,,,,,,,,,,,,,,,,,,,,,,
01/07/2018,8011,"98,56",3371,3381,"397,45","660,617","31,095","31,978","31,972","31,062","31,946","31,94","30,403","31,287","31,28","29,905","30,788","30,782","25,164","24,428","54,63","66,59","46,4","58,42","205,15","160,34","11,1816",,,,,,,,,,,,,,,,,,,,,,,,,,,,
01/08/2018,8030,"98,48",3403,3392,"401,624","668,622","31,095","31,978","31,972","31,062","31,946","31,94","30,403","31,287","31,28","29,905","30,788","30,782","25,164","24,428","55,4","67,82","46,85","59,36","207,4","163,18","11,1816",,,,,,,,,,,,,,,,,,,,,,,,,,,,
01/09/2018,8012,"98,74",3426,3403,"403,906","671,492","31,095","31,978","31,972","31,062","31,946","31,94","30,403","31,287","31,28","29,905","30,788","30,782","25,164","24,428","55,81","68,34","47,18","59,81","208,95","164,88","11,1816",,,,,,,,,,,,,,,,,,,,,,,,,,,,
01/10/2018,8107,"99,03",3460,3422,"408,817","673,748","31,226","32,111","32,105","31,193","32,079","32,072","30,531","31,417","31,41","30,03","30,916","30,91","25,164","25,428","56,32","68,93","47,64","60,34","211,24","167,01","11,1816",,,,,,,,,,,,,,,,,,,,,,,,,,,,
01/11/2018,8066,"99,29",3459,3417,"401,915","671,806","31,226","32,111","32,105","31,193","32,079","32,072","30,531","31,417","31,41","30,03","30,916","30,91","25,164","25,428","56,56","69,62","47,57","60,74","211,16","167,5","11,1816",,,,,,,,,,,,,,,,,,,,,,,,,,,,
01/12/2018,8045,"99,36",3390,3375,"394,822","668,107","31,226","32,111","32,105","31,193","32,079","32,072","30,531","31,417","31,41","30,03","30,916","30,91","25,164","25,428","55,72","68,71","46,78","59,87","207,38","163,63","11,1816",,,,,,,,,,,,,,,,,,,,,,,,,,,,
01/01/2019,7920,"99,29",3330,3347,"388,593","664,445","31,347","32,237","32,23","31,316","32,205","32,199","30,65","31,539","31,533","30,156","31,045","31,039","25,675","25,946","54,33","66,36","46,06","58,15","203,87","158,66","11,1816",,,,,,,,,,,,,,,,,,,,,,,,,,,,
01/02/2019,7893,"99,55",3311,3313,"386,779","661,698","31,352","32,241","32,235","31,32","32,21","32,204","30,654","31,544","31,538","30,16","31,05","31,044","25,693","25,964","53,53","64,75","45,81","57,07","202,25","156,02","11,1816",,,,,,,,,,,,,,,,,,,,,,,,,,,,
01/03/2019,7980,"100,1",3371,3342,"393,183","663,393","31,352","32,241","32,235","31,32","32,21","32,204","30,654","31,544","31,538","30,16","31,05","31,044","25,693","25,964","54,87","66,76","46,7","58,64","205,77","160,37","11,1816",,,,,,,,,,,,,,,,,,,,,,,,,,,,
01/04/2019,8016,"100,18",3403,3356,"397,808","661,559","31,539","32,431","32,424","31,507","32,399","32,393","30,837","31,729","31,723","30,34","31,232","31,226","25,693","25,964","55,69","67,92","47,27","59,57","208,67","163,35","11,1816",,,,,,,,,,,,,,,,,,,,,,,,,,,,
01/05/2019,7942,"100,09",3433,3361,"398,885","649,089","31,539","32,431","32,424","31,507","32,399","32,393","30,837","31,729","31,723","30,34","31,232","31,226","25,693","25,964","56,45","69,11","47,73","60,48","210,72","165,96","11,1816",,,,,,,,,,,,,,,,,,,,,,,,,,,,
01/06/2019,7862,"99,83",3406,3339,"392,279","648,337","31,539","32,431","32,424","31,507","32,399","32,393","30,837","31,729","31,723","30,34","31,232","31,226","25,693","25,964","56,39","69,35","47,47","60,53","209,63","165,25","11,1816",,,,,,,,,,,,,,,,,,,,,,,,,,,,
01/07/2019,7884,"100,01",3419,3373,"394,912","643,319","31,698","32,595","32,589","31,666","32,557","32,557","30,986","31,883","31,877","30,482","31,379","31,372","25,999","26,272","56,41","69,24","47,58","60,5","210,32","165,46","11,525",,,,,,,,,,,,,,,,,,,,,,,,,,,,
01/08/2019,7791,"99,83",3401,3344,"390,269","635,362","31,698","32,595","32,589","31,666","32,557","32,557","30,986","31,883","31,877","30,482","31,379","31,372","25,999","26,272","56,28","69,07","47,47","60,36","209,73","164,83","11,525",,,,,,,,,,,,,,,,,,,,,,,,,,,,
01/09/2019,7771,"99,88",3395,3347,"387,832","623,539","31,698","32,595","32,589","31,666","32,557","32,557","30,986","31,883","31,877","30,482","31,379","31,372","25,999","26,272","55,68","67,94","47,25","59,58","208,49","162,9","11,525",,,,,,,,,,,,,,,,,,,,,,,,,,,,
01/10/2019,7747,"99,53",3374,3339,"385,157","611,882","31,735","32,632","32,625","31,703","32,593","32,593","31,022","31,919","31,912","30,517","31,414","31,407","25,999","26,272","55,14","67,05","46,94","58,91","207,07","160,98","11,525",,,,,,,,,,,,,,,,,,,,,,,,,,,,
01/11/2019,7660,"99,46",3363,3323,"382,916","601,473","31,735","32,632","32,625","31,703","32,593","32,593","31,022","31,919","31,912","30,517","31,414","31,407","25,999","26,272","54,99","66,82","46,85","58,73","206,53","160,34","11,525",,,,,,,,,,,,,,,,,,,,,,,,,,,,
01/12/2019,7615,"99,14",3329,3315,"381,32","603,368","31,735","32,632","32,625","31,703","32,593","32,593","31,022","31,919","31,912","30,517","31,414","31,407","25,999","26,272","53,87","64,9","46,29","57,34","203,64","156,42","11,525",,,,,,,,,,,,,,,,,,,,,,,,,,,,
01/01/2020,7665,"99,56",3323,3318,"379,348","605,953","30,664","31,636","31,631","30,632","31,599","31,599","29,952","30,923","30,918","29,458","30,429","30,425","26,166","26,441","52,93","63,72","45,52","56,33","198,52","152,86","11,525",,,,,,,,,,,,,,,,,,,,,,,,,,,,
01/02/2020,7480,"99,53",3278,3255,"369,485","605,945","30,677","31,649","31,644","30,645","31,612","31,612","29,964","30,936","30,931","29,471","30,442","30,437","26,166","26,441","52,65","63,47","45,21","56,06","196,59","150,96","11,525",,,,,,,,,,,,,,,,,,,,,,,,,,,,
01/03/2020,7297,"98,92",3199,3220,"354,069","600,116","30,677","31,649","31,644","30,645","31,612","31,612","29,964","30,936","30,931","29,471","30,442","30,437","26,166","26,441","51,75","62,54","44,32","55,14","191,64","145,96","11,525",,,,,,,,,,,,,,,,,,,,,,,,,,,,
01/04/2020,7218,"99,17",3083,3175,"341,401","592,073","30,767","31,74","31,735","30,735","31,703","31,703","30,052","31,025","31,02","29,557","30,53","30,525","26,181","26,456","49,43","59,09","42,79","52,43","184,05","136,77","11,525",,,,,,,,,,,,,,,,,,,,,,,,,,,,
01/05/2020,7301,"99,27",3055,3229,"342,509","581,33","30,783","31,774","31,769","30,751","31,737","31,737","30,068","31,059","31,054","29,573","30,563","30,559","26,299","26,574","48,03","56,79","42,02","50,72","180,05","131,57","11,525",,,,,,,,,,,,,,,,,,,,,,,,,,,,
01/06/2020,7435,"98,92",3135,3326,"353,314","573,478","30,783","31,774","31,769","30,751","31,737","31,737","30,068","31,059","31,054","29,573","30,563","30,559","26,299","26,574","48,86","57,79","42,73","51,61","183,26","134,99","11,525",,,,,,,,,,,,,,,,,,,,,,,,,,,,
01/07/2020,7632,"99,42",3213,3416,"364,552","574,481","31,046","32,044","32,039","31,014","32,007","32,007","30,327","31,325","31,32","29,828","30,826","30,822","26,298","26,573","50,36","60,05","43,71","53,37","188,45","140,63","11,6414",,,,,,,,,,,,,,,,,,,,,,,,,,,,
01/08/2020,7727,"99,82",3238,3419,"366,712","579,535","31,046","32,044","32,039","31,014","32,007","32,007","30,327","31,325","31,32","29,828","30,826","30,822","26,298","26,573","51,17","61,46","44,1","54,39","190,51","143,45","11,6414",,,,,,,,,,,,,,,,,,,,,,,,,,,,
01/09/2020,7797,"99,86",3226,3414,"367,049","597,489","31,046","32,044","32,039","31,014","32,007","32,007","30,327","31,325","31,32","29,828","30,826","30,822","26,298","26,573","51,26","61,72","44,06","54,53","190,01","143,19","11,6414",,,,,,,,,,,,,,,,,,,,,,,,,,,,
01/10/2020,7814,"99,7",3205,3415,"367,646","602,777","31,085","32,082","32,078","31,052","32,045","32,045","30,365","31,362","31,357","29,866","30,863","30,859","26,298","26,573","50,53","60,46","43,7","53,62","188,21","140,63","11,6414",,,,,,,,,,,,,,,,,,,,,,,,,,,,
01/11/2020,7944,100,3211,3431,"369,972","619,598","31,085","32,082","32,078","31,052","32,045","32,045","30,365","31,362","31,357","29,866","30,863","30,859","26,298","26,573","50,31","59,96","43,68","53,31","187,59","139,65","11,6414","112,44","128,57","114,79","123,95","137,08","108,65","109,46","105,69","130,67","107,49","112,32","105,82","149,78","110,6","105,93","137,69","106,68","127,78","107,58","95,84","109,35","113,61","129,99","128,43","117,02","117,89","126,37","111,54"
01/12/2020,8152,"101,04",3239,3468,"379,338","663,923","31,085","32,082","32,078","31,052","32,045","32,045","30,365","31,362","31,357","29,866","30,863","30,859","26,298","26,573","50,48","59,96","43,96","53,41","188,66","140,52","11,6414","112,77","132,16","118,07","123,42","137,15","108,42",111,"105,94","131,17","108,84","112,31","105,82","149,61","115,61","112,36","140,04","111,38","127,85","109,37","96,16","110,32","113,61","130,46","128,43","117,02","117,94","126,6","111,54"
01/01/2021,8402,"102,09",3278,3495,"389,635","733,149","30,965","31,965","31,958","30,934","31,934","31,927","30,247","31,246","31,24","29,766","30,765","30,758","26,504","26,781","51,26","61,16","44,46","54,35","190,94","143,54","11,6414","112,82","136,92","120,23","124,77","137,62","108,12","110,67","104,19","132,54","109,5","112,72","105,83","149,97","124,97","113,01","143,06","114,78","128,87","109,51","97,63","110,32","113,61","134,28",134,"117,04","118,81","126,74","111,54"
01/02/2021,8626,"103,19",3351,3524,"404,305","766,204","30,973","31,973","31,966","30,943","31,942","31,935","30,255","31,254","31,248","29,774","30,773","30,767","26,504","26,781","52,76","63,34","45,48","56,07","195,64","149,1","11,6414","113,38","142,75","121,79","124,96","139,34","108,12","113,13","106,39","133,81","109,77","112,52","105,83","150,2","134,12","112,5","148,47","115,89","130,57","109,51","100,34","110,32","113,61","137,86",134,"117,15","119,41","126,74","111,54"
01/03/2021,8849,"104,3",3413,3591,"417,088","807,249","30,973","31,973","31,966","30,943","31,942","31,935","30,255","31,254","31,248","29,774","30,773","30,767","26,504","26,781","53,79","64,91","46,14","57,29","198,86","153,01","11,6414","114,1","141,81","129,71","127,21","139,11","108,31","113,7","106,71","134,25","109,56","113,93","107,04","150,17","130,08","113,54","148,75","117,55","130,57","109,62","104,63","110,32","113,61","141,73",134,"117,19","119,98","127,06","115,91"
01/04/2021,9209,"106,37",3439,3593,"442,693","908,379","30,972","31,971","31,965","30,941","31,94","31,934","30,253","31,253","31,246","29,772","30,771","30,765","26,518","26,795","54,65","66,37","46,59","58,36","201,03","155,93","11,6414","114,1","148,09","153,09","131,57","140,93","108,6","118,61","107,14","134,24","109,46","113,45","107,04","153,61","144,73","113,48","151,27","121,6","130,58","109,74","105,89","110,32","114,84","144,37","134,95","117,6","119,75","127,32","115,91"
01/05/2021,9664,"108,56",3474,3633,"461,808","1019,21","30,972","31,971","31,965","30,941","31,94","31,934","30,253","31,253","31,246","29,772","30,771","30,765","26,518","26,795","55,21","67,16","46,99",59,"202,94","158,13","11,6414","114,76","154,27","171,6","134,78","142,8","110,15","121,3","107,44","134,24","109,33","114,15","112,15","153,71","145,65","120,78","160,25","125,78","133,5","109,74","108,69","110,32","114,84","148,02","135,13",118,"120,14","127,32","115,91"
01/06/2021,9952,"111,21",3504,3672,"468,298","1141,169","30,972","31,971","31,965","30,941","31,94","31,934","30,253","31,253","31,246","29,772","30,771","30,765","26,518","26,795","55,48","67,41","47,27","59,26","204,16","159,34","11,6414","115,03","156,69","185,76","145,33","143,6","116,35","121,77","107,41","134,24","109,74","114,49","112,34","154,46","154,21","130,61","158,05","135,78","144,72","110,09","111,52","110,32","114,84","150,99","135,87","118,01","120,61","130,24","115,98"
01/07/2021,10152,"112,97",3545,3698,"474,677","1182,055","31,11","32,109","32,104","31,079","32,078","32,073","30,388","31,387","31,382","29,905","30,904","30,899","26,516","26,793","56,01","68,2","47,62","59,88","206,27","161,51","11,7334","115,92","164,03","193,25","151,13","145,75","118,44","124,12","108,91","134,23","110,63","115,23","112,34","156,14","178,58","131,28","158,24","137,79","145,06","110,09","115,84","110,32","117,95","151,36","136,76","120,18","122,69","130,6","115,98"
01/08/2021,10221,"114,09",3555,3692,"475,632","1192,276","31,11","32,109","32,104","31,079","32,078","32,073","30,388","31,387","31,382","29,905","30,904","30,899","26,516","26,793","56,77","69,43","48,06","60,81","207,93","163,76","11,7334","116,25","162,93","199,45","159,52","148,56","120,86","123,56","108,65","136,52","111,4","115,49","112,24","156,32","175,84","135,01","156,53","138,71","145,86","111,86","118,35","110,32","118,35","153,78","137,83","120,78","125,44","130,6","115,98"
01/09/2021,10187,"115,99",3586,3733,"475,167","1183,658","31,11","32,109","32,104","31,079","32,078","32,073","30,388","31,387","31,382","29,905","30,904","30,899","26,516","26,793",57,"69,61","48,32","61,02","209,11","164,88","11,7334","117,07","164,19","195,06","165,4","151,76","120,84","123,83","110,35","136,52","111,81","115,9","112,44","160,66","181,3","135,34","156,18","147,64","148,52","111,86","118,56","110,32","118,35","158,52","137,83","121,39","126,04","132,15","118,58"
01/10/2021,10280,"117,93",3713,3812,"486,666","1172,769","31,369","32,371","32,367","31,338","32,34","32,336","30,641","31,644","31,639","30,153","31,156","31,151","26,515","26,792","58,79","71,56","49,99","62,86","214,82","170,31","11,7334","117,48","168,54","190,86","168,67","154,29","123,99","132,81","110,78","136,52","112,05","116,12","112,58","164,22","186,29","132,87","161,33","148,64","160,86","112,79","119,46","110,32","118,35","157,84","136,98","121,56","129,98","136,96","118,58"
01/11/2021,10397,"119,48",3888,3939,"492,06","1171,71","31,369","32,371","32,367","31,338","32,34","32,336","30,641","31,644","31,639","30,153","31,156","31,151","26,515","26,792","61,39","74,68","52,24","65,64","218,62","174,76","11,7334","117,74","174,15","183,24","168,45","161,33","125,12","137,72","110,2","136,52","111,53","117,33","112,58","164,16","192,93","137,27","166,98","148,7","166,36","112,79","121,48","110,32","121,83","165,03","136,75","121,82","130,38","136,97","118,58"
01/12/2021,10420,"120,09",3869,3929,"489,722","1155,474","31,626","32,631","32,626","31,595","32,6","32,595","30,895","31,9","31,895","30,406","31,411","31,406","26,745","27,023","61,6","75,21","52,23","65,96","219,12","175,18","11,7334","119,11","170,13","178,04","170,21","161,24","123,44","139,13","112,66","136,52","113,32","118,13","112,58","167,82","191,91","120,04","163,85","152,01","167,13","113,38","121,45","110,32","121,83","170,57","136,75","121,93","131,09","139,79","119,34"
01/01/2022,11033,"123,58",4064,4253,"515,253","1166,787","32,041","33,054","33,047","32,01","33,023","33,016","31,3","32,313","32,306","30,809","31,822","31,815","27,756","28,045","63,28","76,51","54,16","67,5","223,71","178,51","11,7803","125,96","181,48","181,34","175,31","160,61","128,2","139,83","124,51","136,52","122,77","122,91","114,07","175,57","221,68","126,46","168,64","153,17","168,47","114,21","122,34","110,32","122,62","171,53","141,37","121,96","137,38","142,43","136,74"
01/02/2022,11235,"124,94",4166,4330,"528,83","1204,59","32,051","33,064","33,057","32,02","33,032","33,026","31,31","32,323","32,316","30,819","31,832","31,825","27,802","28,091","64,86","78,63","55,37","69,27","229,18","184,64","11,7803","128,46","184,07","186,7","176,23","167,26","127,77","136,31","126,09","142,48","123,07","126,51","115,29","177,19","222,34","130,83","171,47","154,24","174,27","114,21","124,1","110,32","122,62","173,45","142,94","123,18","137,41","146,45","139,28"
01/03/2022,12808,"129,94",4596,4637,"587,217","1716,237","32,051","33,064","33,057","32,02","33,032","33,026","31,31","32,323","32,316","30,819","31,832","31,825","27,802","28,091","72,17",88,"61,26","77,29","250,06","208,13","11,7803","130,64","193,64","197,97","178,12","167,34","127,17","136,7","126,23","143,58","130,66","127,45","116,43","181,72","219,72","146,95","184,59","182,49","188,53","114,52","133,16","113,27","122,62","175,67","142,94","124,4","138,03","150,95","139,02"
01/04/2022,13460,"133,37",4665,4720,"606,108","1815,929","32,926","33,95","33,943","32,893","33,918","33,911","32,164","33,188","33,181","31,659","32,683","32,676","27,802","28,091","74,99","92,59","62,86","80,72","260,79","219,44","11,7803","135,67","200,53","214,37","184,52","168,12","129,62","139,51","126,3","143,7","145,02","130,38","116,83","209,85","239,39","152,88","186,55","185,72","191,35","115,84","137,12","113,27","125,02","179,69","144,29","129,11","144,11","150,46","146,68"
01/05/2022,13575,"135,67",4979,4972,"621,425","1652,536","32,926","33,95","33,943","32,893","33,918","33,911","32,164","33,188","33,181","31,659","32,683","32,676","27,802","28,091","76,56","95,07","63,8","82,6","266,25","226,06","11,7803","140,39","194,64","217,59","193,23","169,65","131,15","142,44","129,19","152,6","155,48",134,"118,23","211,48","245,37","145,81","175,98","184,85","191,78","118,71","143,58","113,27","126,3","179,38","144,51","129,72","141,23","150,46","168,07"
01/06/2022,13307,"134,98",4921,5025,"629,122","1440,904","32,926","33,95","33,943","32,893","33,918","33,911","32,164","33,188","33,181","31,659","32,683","32,676","27,802","28,091","78,19","96,86","65,31","84,29","273,14","233,16","11,7803","142,16","193,36","211,35","192,24","171,43","136,36","144,52","129,49","153,04","160,54","135,22","118,23","220,73","244,03","135,9","176,14","175,6","191,11","119,95","142,24","113,27","126,3","176,34","144,51",130,"144,65","150,47","169,03"
01/07/2022,12752,"134,64",4835,4957,"605,672","1342,316","33,702","34,736","34,729","33,668","34,703","34,696","32,921","33,956","33,949","32,404","33,439","33,432","27,802","28,091","77,59","96,3","64,7","83,69","271,56","230,14","12,7392","143,37","189,4","204,24","190,85","172,14","137,83","148,13","129,78","153,15","163,78","136,39","119,13","220,21","263,91","133,04","163,24","171,51","187,07","124,48","140,67","113,27","128,36","173,65","144,09","134,02","145,67","151,02","169,31"
01/08/2022,12908,"135,65",4720,4923,"591,661","1255,397","33,702","34,736","34,729","33,668","34,703","34,696","32,921","33,956","33,949","32,404","33,439","33,432","27,802","28,091","74,69","91,71","62,96","80,21","262,51","218,96","12,7392","147,73","186,31","197,29","195,28","176,18","140,64","145,15","134,1","153,15","165,69","143,23","119,39","220,43","224,71","132,66","170,29","170,56","189,29","124,48","136,92","113,27","131,25","173,88","143,51","135,11","146,32","152,04","170,2"
01/09/2022,12788,"135,03",4749,4977,"588,328","1237,837","33,702","34,736","34,729","33,668","34,703","34,696","32,921","33,956","33,949","32,404","33,439","33,432","27,802","28,091","74,8","91,62","63,2","80,25","261,82","218,01","12,7392","147,79","184,32","189,71","193,73","178,05","142,54","141,91","130,8","153,66","166,49","144,85","119,39","220,21","227,22","133,31","165,83","168,45","185,35","124,74","137,56","113,27","131,25","174,06","144,66","135,61","146,32","154,48","172,54"
01/10/2022,12784,"136,03",4972,5290,"591,65","1164,437","34,294","35,339","35,332","34,26","35,305","35,298","33,499","34,544","34,537","32,973","34,017","34,01","27,8","28,089",76,"91,76","65,15","81,08","266,88","220,59","12,7392","150,72","184,67","185,29","193,09","176,6","144,04","142,88","133,6","155,85","169,38","148,37","121,67","220,63","227,33","128,77","167,27","168,14","184,88","124,79","136,09","113,27","131,25","173,06","144,66","135,82","146,48","154,68","187,54"
01/11/2022,12394,"136,32",4825,5225,"569,8","1080,922","34,294","35,339","35,332","34,26","35,305","35,298","33,499","34,544","34,537","32,973","34,017","34,01","27,8","28,089","72,87","87,45","62,82","77,53","255,51","207,74","12,7392","152,2","185,99","183,26","192,76","176,33","144,76","142,4","136,34","165,38","169,92","148,45","121,67","220,66","226,8","126,69","169,81","167,35","184,88","124,79","134,53","113,27","131,25","175,13","144,89","135,91","147,03","154,73","187,71"
01/12/2022,12197,"135,85",4703,5157,"553,264","1053,525","34,294","35,339","35,332","34,26","35,305","35,298","33,499","34,544","34,537","32,973","34,017","34,01","27,8","28,089","71,23","85,61","61,33","75,83","248,62","200,58","12,7392","154,54","185,9","176,54","193,13","176,24","145,48","144,3","136,42","165,38","179,01","150,19","121,79","223,48","220,04","122,39","172,96","157,51","183,58","124,79","133,21","118,31","131,25","176,38","144,89","136,2","147,19","151,27","187,85"
01/01/2023,12509,"139,33",4574,5192,"551,443","1116,546","34,736","35,793","35,787","34,704","35,761","35,756","33,918","34,975","34,97","33,426","34,483","34,477","30,346","30,669","67,95","81,12","58,89","72,13","243,77","193,34","12,7392","167,12","186,93","175,01","194,58","176,15","141,41","143,24","163,96","167,38","194,13","158,13","122,31","222,87","212,55","122,09","177,58","157,14","183,58","123,97","136,67","118,31","131,25","179,3","144,52","136,55","149,91","162,23","199,3"
01/02/2023,12663,"141,05",4590,5200,"544,089","1162,48","34,78","35,837","35,832","34,748","35,806","35,8","33,962","35,02","35,014","33,47","34,527","34,522","30,439","30,762","68,44","82,2","58,96","72,82","242,99","193,23","12,7392","173,09","184,15","175,66","193,82","174,99","141,78","143,77","170,57","189,94","194,21","164,97","122,26","222,64","211,33","120,01","173,02","157,06","183,76","123,97","136,94","118,31","133,72","182,49","144,68","136,64","150,09","164,81","199,79"
01/03/2023,12655,"140,96",4638,5243,"543,766","1198,846","34,78","35,837","35,832","34,748","35,806","35,8","33,962","35,02","35,014","33,47","34,527","34,522","30,439","30,762","68,9","82,85","59,29","73,34","243,5","193,98","12,7392","172,91","180,18","176,36","194,16","175,57","143,4","142,48","171,55","189,94","195,08","163,69","122,26","222,85","195,1","120,34","173,02","159,06","183,76","123,97","136,08","118,31","133,6","180,77","146,32","137,44","150,41","165,42","200,31"
01/04/2023,12727,"141,75",4652,5267,"539,819","1194,639","35,41","36,475","36,47","35,378","36,443","36,438","34,577","35,643","35,637","34,075","35,141","35,135","30,439","30,762","69,1","83,09","59,47","73,55","244,3","193,63","12,7392","173,31","179,27","168,1","194,04","176,41","142,87","141,64","172,22","189,94","195,25","163,98","123,28","223,31","193,77","117,92","172,83","159,13","183,77","123,62","136,74","118,31","133,6","179,23","174,35","140,69","150,98","165,7","200,56"
01/05/2023,12636,"140,74",4678,5244,"531,012","1133,431","35,41","36,475","36,47","35,378","36,443","36,438","34,577","35,643","35,637","34,075","35,141","35,135","30,439","30,762","70,82","86,26","60,19","75,77","247,82","198,99","12,7392","172,07","181,48","166,43","187,23","176,26","143,38","140,63","170,4","185,65","195,28","162,66","122,75","224,15","195,8","114,45","176,51","159,13","183,77","123,62","135,7","118,31","135,63","173,66","173,76","140,69","151,08","168,55","200,39"
01/06/2023,12587,"140,2",4750,5313,"528,211","1048,698","35,41","36,475","36,47","35,378","36,443","36,438","34,577","35,643","35,637","34,075","35,141","35,135","30,439","30,762","71,08","85,67","61,04","75,74","246,71","196,81","12,7392","172,74","178,39","162,84","187,72","175,7","145,12","139,87","173,18","186,95","195,37","162,53",123,"224,45","195,12","113,79","171,83","155,77","179,41","123,62","130,43","118,31","139,45","176,44","173,76","140,69","150,81","168,61","200,32"
01/07/2023,12492,"139,14",4812,5331,"531,28","1016,247","35,748","36,812","36,808","35,716","36,78","36,776","34,915","35,979","35,975","34,414","35,477","35,474","30,716","31,039","72,63","87,96","62,07","77,54","252,13","202,53","13,5099","172,53","176,7","157,21","181,8","175,13","143,57","136,9","172,99","186,95","191,21",164,123,"221,05","195,36","109,3","169,92","155,2","177,85","126,15","130,24","118,31","139,45","174,76","174,53","141,02","150,55","168,6","200,33"
01/08/2023,12466,"138,85",4913,5384,"541,214","996,145","35,748","36,812","36,808","35,716","36,78","36,776","34,915","35,979","35,975","34,414","35,477","35,474","30,716","31,039","73,84","89,18","63,28","78,75","257,62","208,02","13,5099","172,59","173,85","155,52","183,76","175,03","143,72","134,61","173,27","186,95","191,05","164,03","123,27","221,05","187,55","109,36","168,47","155,06","178,11","126,15","129,54","118,31","141,4","174,22","174,59","141,02","150,62","168,6","200,3"
01/09/2023,12412,"138,25",5036,5422,"550,348","985,725","35,748","36,812","36,808","35,716","36,78","36,776","34,915","35,979","35,975","34,414","35,477","35,474","30,716","31,039","76,8","93,72","65,14","82,26","266,75","219,17","13,5099","169,93","172,87","155,8","180,72","177,26","142,98","137,71","166,82","186,95","191,02","163,13",123,"198,84","181,44","108,2","169,82","152,77","177,85","126,15","129,15","118,31","139,45","175,11","174,53","141,02","150,55","170,78","200,3"
01/10/2023,12529,"139,55",5120,5480,"550,918","963,024","35,85","36,938","36,932","35,818","36,906","36,9","35,017","36,105","36,1","34,515","35,603","35,598","30,789","31,112","78,58","96,16","66,47","84,27","269,62","222,64","13,5099","174,58","176,59","152,24","176,65","170,5","138,31","136,84","179,16","186,95","190,69","165,93",123,"221,05","193,55","110,16","170,3","154,22","176,62","128,05","129,95","118,31","139,45","174,97","194,83","141,02","150,4","165,08","200,22"
01/11/2023,12500,"139,23",4985,5449,"538,385","988,614","35,85","36,938","36,932","35,818","36,906","36,9","35,017","36,105","36,1","34,515","35,603","35,598","30,789","31,112","75,06","90,67","64,31","80,07","258,98","209,5","13,5099","172,14","178,18","157,03","180,45","174,75","149,09","138,21","174,31","186,95","190,43","162,8","122,79","220,91","196,18","110,39","171,79","155,32","177,85","126,15","131,38","118,31","139,45","177,96","174,74","141,02","150,66","163,44","200,22"
01/12/2023,12506,"139,3",4841,5403,"526,693","1016,401","35,85","36,938","36,932","35,818","36,906","36,9","35,017","36,105","36,1","34,515","35,603","35,598","30,789","31,112","71,92","85,83","62,34","76,33","249,29","197,65","13,5099","172,79","178,11","157,91",182,"177,24","141,41","137,02","173,78","186,95","191,67","163,99",123,"221,55","198,89","110,18","170,81","154,95","177,85","126,15","130,31","123,04","139,45","172,79","174,53","141,32","150,55","168,55","200,22"
01/01/2024,12439,"138,54",4879,5452,"534,259",,"35,974","37,064","37,058","35,942","37,031","37,026","35,138","36,227","36,222","34,645","35,734","35,729","31,102","31,429","72,78","87,16","62,88","77,36","252,11","200,84","13,5099","170,11","177,25","159,78","181,5","174,34","143,51",137,"161,4","186,95","189,16","164,85","123,69","220,29","198,11","109,26","169,68","155,56","178,74","125,01","131,07","118,31","139,45","174,43","163,05","141,02","150,75","170,39","203,87"
01/02/2024,12573,"140,04",4956,5513,"540,487",,"36,004","37,094","37,088","35,972","37,062","37,056","35,168","36,257","36,252","34,675","35,765","35,759","31,129","31,456","73,62","87,9","63,79","78,17","255,1","203,64","13,5099","172,9","181,75","158,51","181,92","176,4","144,73","137,16","174,86","186,95","191,47","164,11","121,73",221,"198,45","109,27","177,66","155,2","177,85","126,15","132,54","118,31","139,45","175,42","172,67","141,21","150,56","175,94","204,59"
01/03/2024,12520,"139,45",4942,5485,"540,12",,"36,004","37,094","37,088","35,972","37,062","37,056","35,168","36,257","36,252","34,675","35,765","35,759","31,129","31,456","73,96","88,8","63,74","78,7","255,82","205,08","13,5099","172,83","179,2","159,54","180,23","175,08","143,3","137,37","173,04","186,95","191,16","164,34",123,"224,86","200,19","108,85","172,05","155,25","180,2","126,15","129,26","118,31","139,45","175,52","174,53","140,92","150,71","168,61","204,27"
01/04/2024,12623,"140,59",4962,5480,"546,641",,"36,406","37,5","37,494","36,373","37,467","37,462","35,562","36,656","36,65","35,064","36,158","36,152","31,129","31,456","74,89","90,38","64,23","79,85","259,38","208,69","13,5099","174,55","187,65","156,66","182,19","175,24","140,99","139,36","170,83","186,95","210,48","162,31","123,08","221,18","194,78","109,63","188,25","155,57","179,41","126,38","132,39","118,31","139,45","180,16","174,19","141,02","150,59","166,29","204,18"
01/05/2024,12719,"141,67",4988,5505,"546,383",,"36,406","37,5","37,494","36,373","37,467","37,462","35,562","36,656","36,65","35,064","36,158","36,152","31,129","31,456","75,78","91,56","64,91","80,84","259,13","208,81","13,5099","176,86","195,28","156,19","175,52",174,"139,31","141,6","166,16","186,95","230,92","164,53","122,28","202,04","184,08","110,81","207,7","151,74","182,4","127,12","135,41","123,04","142,63","186,74",180,"141,43","151,64","168,56","204,18"
01/06/2024,12751,"142,02",4960,5502,"542,842",,"36,406","37,5","37,494","36,373","37,467","37,462","35,562","36,656","36,65","35,064","36,158","36,152","31,129","31,456","74,95","90,14","64,49","79,8","256,95","205,88","13,5099","180,42","192,76","155,56","175,94","174,84","143,57","140,82","164,33","186,95","258,33","164,66","122,31","203,66","178,29","110,18","206,43","151,99","182,4","127,12","134,44","123,04","142,83","186,98",180,"141,46","151,61","168,55","204,13"
01/07/2024,12717,"141,64",4992,5513,"542,1",,"36,847","37,947","37,941","36,814","37,914","37,908","35,992","37,092","37,086","35,489","36,588","36,583","31,128","31,454","75,95","91,61","65,16","80,96","260,88","209,58","13,9611","179,51","189,19","159,8","176,77","174,91","141,99","140,38","163,73","186,89","255,36","163,63","122,49","203,95","179,52","110,25","199,25","151,78","181,86","128,19","133,69","123,04","142,83","188,67","181,54","141,64","151,61","167,74","204,13"
01/08/2024,12763,"142,16",4933,5472,"536,098",,"36,847","37,947","37,941","36,814","37,914","37,908","35,992","37,092","37,086","35,489","36,588","36,583","31,128","31,454","75,38","91,19","64,49","80,44","258,88","207,76","13,9611","179,67","192,1","160,5","176,76","174,15","141,83","143,61","163,69","187,12","256,03","163,6","123,24","204,56","178,68","110,24","204,97","151,97","181,86","127,68","133,48","123,04","142,83","184,57","181,7","141,64","151,85","168,57","204,13"
01/09/2024,12731,"141,8",4877,5456,"530,84",,"36,847","37,947","37,941","36,814","37,914","37,908","35,992","37,092","37,086","35,489","36,588","36,583","31,128","31,454","74,24","89,42","63,79","79,08","254,47","202,56","13,9611","179,48","195,43","160,54","177,97","175,55","142,23","139,17","163,24","187,06","255,88","163,56","123,27","205,2","176,39","108,6","212,61","151,66","181,86","127,68","133,63","123,28","142,83","180,19","181,63","141,64","151,86","168,69","204,13"
01/10/2024,12783,"142,38",4852,5465,"531,63",,"37,099","38,202","38,196","37,066","38,169","38,163","36,238","37,342","37,336","35,731","36,834","36,829","31,128","31,454","73,04","87,18","63,31","77,52","252,05","198,33","13,9611","179,37","192,63","161,81","177,31","173,65",142,"144,41","163,57","186,98","256,47","162,84","123,29","203,11","164,97","106,57","214,85","152,35","182,05","127,68","133,4","123,28","142,88","179,98","184,37","142,1","152,33","168,93","204,13"
01/11/2024,12762,"142,14",4841,5403,"537,994",,"37,099","38,202","38,196","37,066","38,169","38,163","36,238","37,342","37,336","35,731","36,834","36,829","31,128","31,454","75,34","90,88","64,64","80,31","258,46","206,52","13,9611","179,72","194,04","162,52","180,72","175,5","142,03","139,14","163,75","186,56","257,6","162,33","124,56","208,7","164,42","107,72","217,53","151,83","182,05","129,36","133,78","123,28","142,87","181,05","184,37","142,1","152,33","167,02","204,13"
01/12/2024,12778,"142,33",4900,5456,"539,997",,"37,099","38,202","38,196","37,066","38,169","38,163","36,238","37,342","37,336","35,731","36,834","36,829","31,128","31,454","74,69","90,15","64,04","79,63","257,92","205,88","13,9611","179,71","196,73","162,08","179,77","175,19","141,39","138,71","164,47","186,98","255,76","162,39","124,56","205,83","165,62","107,92","221,58","151,91","182,05","129,36","133,99","124,4","144,47",181,"185,87","144,23","152,88","167,13","204,13"
01/01/2025,12748,"141,99",4945,5513,"542,864",,"37,26","38,366","38,358","37,23","38,337","38,329","36,397","37,504","37,496","35,905","37,011","37,003","32,185","32,521","74,25","89,08","64,03","78,97","257,83","204,7","13,9611","174,41","199,65","165,99","179,9","176,3","137,92","138,65","150,97","186,68","255,15","162,81","124,56","208,2","161,94",108,"229,05","152,21","180,9","130,38","134,19","124,4","144,44","182,46","176,99","144,47","154,34","168,58","204,22"
01/02/2025,12753,"142,04",4968,5521,"546,599",,"37,275","38,382","38,374","37,246","38,353","38,345","36,413","37,52","37,521","35,92","37,027","37,019","32,285","32,622","75,02","90,32","64,48","79,9","259,6","207,03","13,9611","174,76","201,68","168,88","180,56","177,66","140,52","138,12","151,03","186,91","255,38","163,04","126,77","206,13","164,05","108,8","231,13","152,91","180,9","130,38","135,62","124,4","144,5","183,82","165,03","144,47","154,42","170,57","204,29"
01/03/2025,12774,"142,28",4929,5505,"541,318",,"37,275","38,382","38,374","37,246","38,353","38,345","36,413","37,52","37,521","35,92","37,027","37,019","32,285","32,622","74,51","89,8","63,98","79,39","257,24","204,66","13,9611","175,3","199,58","169,83","181,73","178,67","140,76",139,"151,36","187,56","256,16","163,6","126,77","208,48","164,19","109,73","227,2","152,61","180,9","130,38","136,24","124,67","143,18","185,48","165,03","144,66","154,64","169,46","204,32"
01/04/2025,12764,"142,17",4859,5484,"532,001",,"37,652","38,762","38,754","37,622","38,732","38,724","36,781","37,891","37,883","36,283","37,393","37,385","32,285","32,622","73,18","87,97","62,99","77,88","253,88","199,91","13,9611","174,96","199,96","170,23","180,33","180,03","140,75","140,38","151,79","186,76","254,22","162,56","127,93","208,79","167,55","111,07","225,56","152,45","180,53","130,38","136,38","124,67","143,18","182,68","165,03","144,64","154,88","170,86","204,81"
01/05/2025,12803,"142,6",4800,5462,"526,767",,"37,652","38,762","38,754","37,622","38,732","38,724","36,781","37,891","37,883","36,283","37,393","37,385","32,285","32,622","71,76","85,75","62,14","76,19","249,63","194,67","13,9611","174,95","206,28","172,94","179,16","181,12","141,2","139,89","151,43","188,4","256,13","162,8","127,93","202,71","166,88","110,74","237,37","153,15","180,53","130,38","136,55","124,67","143,22","181,82","165,03","144,85","155,11","169,87","204,48"
01/06/2025,12804,"142,61",4841,5483,"530,476",,"37,652","38,762","38,754","37,622","38,732","38,724","36,781","37,891","37,883","36,283","37,393","37,385","32,285","32,622","71,92","85,86","62,33","76,33","251,33","196,31","13,9611","174,56","206,64","172,77","179,92","181,58","141,97","139,46","150,81","186,3","255,17","162,94","127,93","203,69","168,79","109,33","237,01","153,71","183,04","130,38","134,62","125,17","144,27","182,65","165,03","146,63","155,15","169,21","204,48"
01/07/2025,12805,,4873,5490,"533,942",,"37,97","39,084","39,076","37,94","39,054","39,046","37,091","38,205","38,197","36,589","37,703","37,695","32,284","32,62","72,92","87,23","63,07","77,45","255,35","200,2",,,,,,,,,,,,,,,,,,,,,,,,,,,,,
01/08/2025,,,,,,,"37,97","39,084","39,076","37,94","39,054","39,046","37,091","38,205","38,197","36,589","37,703","37,695",,,,,,,,,,,,,,,,,,,,,,,,,,,,,,,,,,,,,
01/09/2025,,,,,,,"37,97","39,084","39,076","37,94","39,054","39,046","37,091","38,205","38,197","36,589","37,703","37,695",,,,,,,,,,,,,,,,,,,,,,,,,,,,,,,,,,,,,
01/10/2025,,,,,,,,,,,,,,,,,,,,,,,,,,,,,,,,,,,,,,,,,,,,,,,,,,,,,,,
01/11/2025,,,,,,,,,,,,,,,,,,,,,,,,,,,,,,,,,,,,,,,,,,,,,,,,,,,,,,,
01/12/2025,,,,,,,,,,,,,,,,,,,,,,,,,,,,,,,,,,,,,,,,,,,,,,,,,,,,,,,
01/01/2026,,,,,,,,,,,,,,,,,,,,,,,,,,,,,,,,,,,,,,,,,,,,,,,,,,,,,,,
01/02/2026,,,,,,,,,,,,,,,,,,,,,,,,,,,,,,,,,,,,,,,,,,,,,,,,,,,,,,,
01/03/2026,,,,,,,,,,,,,,,,,,,,,,,,,,,,,,,,,,,,,,,,,,,,,,,,,,,,,,,
01/04/2026,,,,,,,,,,,,,,,,,,,,,,,,,,,,,,,,,,,,,,,,,,,,,,,,,,,,,,,
01/05/2026,,,,,,,,,,,,,,,,,,,,,,,,,,,,,,,,,,,,,,,,,,,,,,,,,,,,,,,
01/06/2026,,,,,,,,,,,,,,,,,,,,,,,,,,,,,,,,,,,,,,,,,,,,,,,,,,,,,,,
01/07/2026,,,,,,,,,,,,,,,,,,,,,,,,,,,,,,,,,,,,,,,,,,,,,,,,,,,,,,,
01/08/2026,,,,,,,,,,,,,,,,,,,,,,,,,,,,,,,,,,,,,,,,,,,,,,,,,,,,,,,
01/09/2026,,,,,,,,,,,,,,,,,,,,,,,,,,,,,,,,,,,,,,,,,,,,,,,,,,,,,,,
01/10/2026,,,,,,,,,,,,,,,,,,,,,,,,,,,,,,,,,,,,,,,,,,,,,,,,,,,,,,,
01/11/2026,,,,,,,,,,,,,,,,,,,,,,,,,,,,,,,,,,,,,,,,,,,,,,,,,,,,,,,

01/12/2026,,,,,,,,,,,,,,,,,,,,,,,,,,,,,,,,,,,,,,,,,,,,,,,,,,,,,,,
